"B19001_001E","B19001_001M","B19001_002E","B19001_002M","B19001_003E","B19001_003M","B19001_004E","B19001_004M","B19001_005E","B19001_005M","B19001_006E","B19001_006M","B19001_007E","B19001_007M","B19001_008E","B19001_008M","B19001_009E","B19001_009M","B19001_010E","B19001_010M","B19001_011E","B19001_011M","B19001_012E","B19001_012M","B19001_013E","B19001_013M","B19001_014E","B19001_014M","B19001_015E","B19001_015M","B19001_016E","B19001_016M","B19001_017E","B19001_017M","GEO_ID","NAME"
"Estimate!!Total","Margin of Error!!Total","Estimate!!Total!!Less than $10,000","Margin of Error!!Total!!Less than $10,000","Estimate!!Total!!$10,000 to $14,999","Margin of Error!!Total!!$10,000 to $14,999","Estimate!!Total!!$15,000 to $19,999","Margin of Error!!Total!!$15,000 to $19,999","Estimate!!Total!!$20,000 to $24,999","Margin of Error!!Total!!$20,000 to $24,999","Estimate!!Total!!$25,000 to $29,999","Margin of Error!!Total!!$25,000 to $29,999","Estimate!!Total!!$30,000 to $34,999","Margin of Error!!Total!!$30,000 to $34,999","Estimate!!Total!!$35,000 to $39,999","Margin of Error!!Total!!$35,000 to $39,999","Estimate!!Total!!$40,000 to $44,999","Margin of Error!!Total!!$40,000 to $44,999","Estimate!!Total!!$45,000 to $49,999","Margin of Error!!Total!!$45,000 to $49,999","Estimate!!Total!!$50,000 to $59,999","Margin of Error!!Total!!$50,000 to $59,999","Estimate!!Total!!$60,000 to $74,999","Margin of Error!!Total!!$60,000 to $74,999","Estimate!!Total!!$75,000 to $99,999","Margin of Error!!Total!!$75,000 to $99,999","Estimate!!Total!!$100,000 to $124,999","Margin of Error!!Total!!$100,000 to $124,999","Estimate!!Total!!$125,000 to $149,999","Margin of Error!!Total!!$125,000 to $149,999","Estimate!!Total!!$150,000 to $199,999","Margin of Error!!Total!!$150,000 to $199,999","Estimate!!Total!!$200,000 or more","Margin of Error!!Total!!$200,000 or more","id","Geographic Area Name"
"1263","100","53","50","0","95","59","51","0","95","11","16","0","95","0","95","0","95","0","95","76","66","81","48","71","45","143","55","121","59","133","61","515","111","1400000US06001400100","Census Tract 4001, Alameda County, California"
"892","47","23","25","0","95","10","15","10","16","6","9","0","95","47","34","44","52","0","95","61","38","43","31","193","85","38","23","89","53","75","42","253","62","1400000US06001400200","Census Tract 4002, Alameda County, California"
"2521","125","129","105","228","120","93","83","42","42","92","52","94","74","109","69","91","71","129","97","213","98","82","57","242","80","284","120","150","89","166","86","377","101","1400000US06001400300","Census Tract 4003, Alameda County, California"
"1843","75","148","92","76","60","46","58","38","36","56","42","63","37","8","13","85","55","47","38","49","39","196","82","232","86","210","86","96","51","215","78","278","91","1400000US06001400400","Census Tract 4004, Alameda County, California"
"1632","82","99","72","85","61","28","26","82","52","102","68","128","79","88","51","29","27","55","53","99","64","230","88","192","83","160","76","58","31","111","53","86","43","1400000US06001400500","Census Tract 4005, Alameda County, California"
"716","67","47","53","18","22","7","13","40","34","79","63","25","41","59","52","35","33","0","95","76","58","47","34","94","53","65","65","24","31","63","39","37","45","1400000US06001400600","Census Tract 4006, Alameda County, California"
"1741","145","66","40","136","62","137","73","103","68","255","96","141","72","52","38","80","79","129","101","125","85","129","84","92","51","61","49","105","73","96","66","34","36","1400000US06001400700","Census Tract 4007, Alameda County, California"
"1481","125","98","58","171","90","114","72","31","31","142","87","24","31","53","43","24","23","62","55","91","61","190","73","156","65","67","42","87","56","106","51","65","42","1400000US06001400800","Census Tract 4008, Alameda County, California"
"1122","68","136","76","51","47","45","43","73","63","0","95","37","40","85","94","14","22","35","55","97","66","148","87","289","112","18","16","33","47","46","46","15","23","1400000US06001400900","Census Tract 4009, Alameda County, California"
"2165","158","204","112","164","102","150","96","208","107","54","62","167","97","122","96","99","88","114","95","133","94","261","118","256","119","154","109","51","43","13","21","15","25","1400000US06001401000","Census Tract 4010, Alameda County, California"
"2034","100","212","99","229","118","133","84","85","58","119","79","89","60","18","20","164","85","81","59","162","76","179","90","244","97","147","87","68","44","62","47","42","38","1400000US06001401100","Census Tract 4011, Alameda County, California"
"1339","57","67","61","27","27","59","49","42","40","75","45","86","61","37","38","40","28","83","49","156","88","42","31","223","77","107","87","140","83","59","39","96","55","1400000US06001401200","Census Tract 4012, Alameda County, California"
"1681","107","297","105","255","99","92","64","23","28","164","91","132","81","92","71","33","32","89","58","92","63","141","79","121","77","28","28","25","30","64","49","33","33","1400000US06001401300","Census Tract 4013, Alameda County, California"
"1438","124","186","97","187","93","157","82","82","60","84","47","99","68","78","64","129","82","132","85","51","41","115","67","57","51","16","20","46","45","19","29","0","95","1400000US06001401400","Census Tract 4014, Alameda County, California"
"872","122","89","58","173","65","76","40","43","27","75","57","0","95","41","38","19","30","36","30","58","48","55","46","82","51","72","51","35","43","18","28","0","95","1400000US06001401500","Census Tract 4015, Alameda County, California"
"774","109","96","60","64","55","36","31","9","14","36","29","79","82","119","76","11","19","41","52","68","56","82","60","67","51","15","19","22","33","29","35","0","95","1400000US06001401600","Census Tract 4016, Alameda County, California"
"858","103","86","69","49","50","56","47","23","29","12","21","27","48","39","33","18","21","57","84","50","39","53","49","166","108","66","60","59","38","81","53","16","18","1400000US06001401700","Census Tract 4017, Alameda County, California"
"577","92","108","65","23","30","27","29","9","18","111","63","71","60","22","29","0","95","39","41","40","34","46","37","50","34","31","41","0","95","0","95","0","95","1400000US06001401800","Census Tract 4018, Alameda County, California"
"862","80","115","70","80","53","53","48","45","43","63","44","61","44","16","17","48","44","0","95","88","61","74","52","92","59","53","38","57","40","0","95","17","19","1400000US06001402200","Census Tract 4022, Alameda County, California"
"1084","91","166","104","130","62","203","83","138","89","43","48","67","50","57","47","30","36","68","50","60","54","82","60","13","20","15","27","12","20","0","95","0","95","1400000US06001402400","Census Tract 4024, Alameda County, California"
"767","67","217","90","99","56","21","23","74","59","38","30","28","29","47","46","45","38","0","95","37","32","55","53","40","26","38","35","23","26","0","95","5","11","1400000US06001402500","Census Tract 4025, Alameda County, California"
"557","48","46","32","66","30","138","67","68","59","28","25","32","41","44","37","7","11","0","95","7","11","4","8","50","32","15","19","27","30","12","19","13","19","1400000US06001402600","Census Tract 4026, Alameda County, California"
"665","79","47","51","87","77","46","29","122","87","0","95","29","42","47","49","0","95","86","83","15","24","64","66","46","44","28","27","22","24","21","27","5","9","1400000US06001402700","Census Tract 4027, Alameda County, California"
"1505","102","262","94","310","95","92","51","167","72","90","58","33","41","41","38","27","30","47","37","63","47","82","52","118","71","51","53","24","30","89","69","9","14","1400000US06001402800","Census Tract 4028, Alameda County, California"
"774","78","140","67","192","64","58","34","49","38","60","55","90","59","16","19","43","32","0","95","33","30","42","29","39","29","0","95","7","11","5","10","0","95","1400000US06001402900","Census Tract 4029, Alameda County, California"
"1222","141","171","68","370","102","211","60","18","22","28","30","58","36","27","23","17","19","71","65","80","50","22","26","39","31","95","61","7","11","0","95","8","14","1400000US06001403000","Census Tract 4030, Alameda County, California"
"573","71","126","67","28","26","10","13","37","42","34","32","31","28","0","95","30","24","21","23","26","28","73","49","58","35","39","26","35","32","11","17","14","21","1400000US06001403100","Census Tract 4031, Alameda County, California"
"2038","174","130","88","259","143","104","63","9","15","79","73","65","53","114","89","12","18","84","51","97","77","127","73","466","165","161","87","109","59","130","73","92","51","1400000US06001403300","Census Tract 4033, Alameda County, California"
"2968","137","369","133","347","145","236","116","236","124","92","77","73","78","81","65","67","67","205","126","373","151","329","129","118","73","171","92","46","60","49","40","176","103","1400000US06001403400","Census Tract 4034, Alameda County, California"
"2343","192","207","120","337","167","278","135","109","63","111","60","183","91","32","35","142","96","24","23","265","141","134","78","133","68","180","107","57","53","110","87","41","36","1400000US06001403501","Census Tract 4035.01, Alameda County, California"
"1226","130","44","40","29","33","0","95","52","44","65","71","59","55","70","49","39","44","94","75","98","60","233","134","155","84","167","92","41","37","66","43","14","22","1400000US06001403502","Census Tract 4035.02, Alameda County, California"
"2563","157","75","62","61","49","59","70","117","99","154","93","233","146","83","57","94","77","234","116","207","115","467","135","192","116","250","110","61","44","147","89","129","74","1400000US06001403600","Census Tract 4036, Alameda County, California"
"1712","143","175","104","60","66","68","56","16","25","43","39","57","47","143","93","144","74","0","95","142","83","247","112","265","116","167","93","51","48","85","65","49","40","1400000US06001403701","Census Tract 4037.01, Alameda County, California"
"1151","118","93","66","12","19","9","15","85","103","0","95","80","75","32","39","70","65","46","50","125","73","79","56","170","93","189","99","85","72","59","63","17","21","1400000US06001403702","Census Tract 4037.02, Alameda County, California"
"1894","86","45","47","48","38","25","23","93","56","53","51","41","31","65","53","63","39","54","54","215","91","209","88","297","98","249","92","105","54","151","61","181","66","1400000US06001403800","Census Tract 4038, Alameda County, California"
"2252","88","31","35","100","70","93","89","253","120","14","23","60","55","83","78","72","55","51","45","290","133","244","119","236","125","189","103","204","94","158","95","174","93","1400000US06001403900","Census Tract 4039, Alameda County, California"
"1702","101","124","68","49","42","125","75","28","24","49","50","58","52","56","51","74","40","105","53","136","75","229","92","301","110","145","76","94","54","67","40","62","39","1400000US06001404000","Census Tract 4040, Alameda County, California"
"1685","136","116","74","61","61","16","24","74","58","12","19","80","72","45","42","30","38","131","85","166","91","130","77","188","114","251","106","97","60","108","70","180","93","1400000US06001404101","Census Tract 4041.01, Alameda County, California"
"1599","155","45","42","127","73","76","51","127","82","30","36","107","66","110","102","104","68","36","48","195","116","85","51","313","98","57","57","12","19","117","77","58","58","1400000US06001404102","Census Tract 4041.02, Alameda County, California"
"1393","62","63","52","9","14","12","19","54","39","10","17","51","39","9","13","22","25","12","18","11","19","92","47","128","63","124","52","87","49","126","59","583","93","1400000US06001404200","Census Tract 4042, Alameda County, California"
"1320","70","14","21","22","31","19","19","0","95","0","95","52","36","35","28","20","26","18","21","81","50","16","18","40","29","81","47","66","41","213","97","643","113","1400000US06001404300","Census Tract 4043, Alameda County, California"
"2200","130","34","38","52","50","64","77","37","41","32","36","13","21","57","54","0","95","50","54","56","50","69","61","287","122","270","96","201","92","328","130","650","147","1400000US06001404400","Census Tract 4044, Alameda County, California"
"701","38","9","13","16","20","10","17","0","95","0","95","0","95","16","16","0","95","13","18","4","7","0","95","117","55","106","60","86","52","96","56","228","75","1400000US06001404501","Census Tract 4045.01, Alameda County, California"
"2472","134","0","95","33","35","65","67","33","38","64","53","32","37","67","51","31","35","15","25","12","21","128","82","332","143","410","159","287","104","352","134","611","121","1400000US06001404502","Census Tract 4045.02, Alameda County, California"
"1816","91","0","95","16","19","12","18","21","23","0","95","39","32","12","18","21","25","54","45","47","44","69","41","161","82","225","85","239","103","356","115","544","120","1400000US06001404600","Census Tract 4046, Alameda County, California"
"795","49","10","16","7","12","10","15","0","95","8","13","9","15","14","16","21","22","0","95","11","13","58","33","94","51","110","60","112","55","167","64","164","74","1400000US06001404700","Census Tract 4047, Alameda County, California"
"1286","64","142","103","151","109","52","57","65","78","53","50","21","26","11","13","11","17","39","38","7","13","26","23","238","121","131","91","84","43","154","76","101","69","1400000US06001404800","Census Tract 4048, Alameda County, California"
"1976","95","36","37","169","104","56","44","123","94","29","35","53","46","92","78","93","55","55","43","173","88","261","111","130","68","149","80","74","50","266","103","217","64","1400000US06001404900","Census Tract 4049, Alameda County, California"
"1432","109","27","24","33","26","38","28","5","8","42","31","57","43","75","55","13","18","78","50","90","65","118","63","112","62","164","70","105","52","266","95","209","77","1400000US06001405000","Census Tract 4050, Alameda County, California"
"1568","94","13","17","39","44","0","95","42","36","8","14","0","95","24","25","44","37","45","35","67","42","80","46","93","45","152","55","94","56","225","94","642","104","1400000US06001405100","Census Tract 4051, Alameda County, California"
"2373","133","66","60","133","67","107","79","142","71","127","72","92","78","145","85","66","48","109","62","215","121","227","90","528","169","99","71","126","70","85","45","106","59","1400000US06001405200","Census Tract 4052, Alameda County, California"
"1617","95","27","31","13","20","42","41","109","70","113","92","14","22","59","57","233","123","75","64","106","86","298","128","199","125","44","39","130","88","76","79","79","80","1400000US06001405301","Census Tract 4053.01, Alameda County, California"
"1525","91","251","107","264","111","222","81","109","88","9","19","148","88","80","47","82","69","79","70","95","69","39","43","38","35","58","57","8","16","26","27","17","25","1400000US06001405302","Census Tract 4053.02, Alameda County, California"
"1556","144","224","112","250","113","90","68","130","69","126","73","82","72","81","65","45","40","67","61","177","98","112","60","52","44","32","30","0","95","30","30","58","54","1400000US06001405401","Census Tract 4054.01, Alameda County, California"
"1096","130","62","68","64","59","170","93","135","81","98","95","107","61","42","40","31","45","36","52","28","41","170","123","81","73","30","49","11","19","31","45","0","95","1400000US06001405402","Census Tract 4054.02, Alameda County, California"
"1564","117","61","49","190","99","133","73","188","74","104","63","41","32","34","42","100","79","81","67","113","64","151","78","115","62","148","50","19","21","33","31","53","35","1400000US06001405500","Census Tract 4055, Alameda County, California"
"1397","86","80","47","70","51","79","55","175","66","67","39","84","53","86","66","90","57","57","44","99","54","186","83","148","71","89","59","22","24","65","49","0","95","1400000US06001405600","Census Tract 4056, Alameda County, California"
"1208","113","157","89","33","29","92","60","96","83","66","53","108","72","39","37","13","20","32","25","116","82","123","66","134","83","108","81","40","38","37","39","14","23","1400000US06001405700","Census Tract 4057, Alameda County, California"
"1298","97","102","73","182","80","133","64","84","64","24","30","73","59","73","54","66","66","63","59","96","55","138","79","144","80","30","33","63","57","27","42","0","95","1400000US06001405800","Census Tract 4058, Alameda County, California"
"1000","123","125","84","48","48","90","75","49","59","33","52","107","67","87","66","40","45","0","95","107","77","161","73","59","51","69","64","25","35","0","95","0","95","1400000US06001405901","Census Tract 4059.01, Alameda County, California"
"1030","56","83","70","157","81","89","79","17","29","91","75","42","49","62","34","76","47","95","86","60","56","134","84","47","44","49","52","22","34","0","95","6","12","1400000US06001405902","Census Tract 4059.02, Alameda County, California"
"1414","141","265","119","154","82","224","95","65","60","94","79","65","54","16","19","35","34","53","55","126","69","90","75","33","31","121","76","18","20","0","95","55","50","1400000US06001406000","Census Tract 4060, Alameda County, California"
"1365","133","60","55","182","75","74","63","86","75","64","46","34","36","19","23","0","95","72","56","180","94","240","108","164","79","117","74","11","14","25","28","37","33","1400000US06001406100","Census Tract 4061, Alameda County, California"
"1381","113","159","73","163","71","246","105","32","39","94","67","41","41","42","54","80","58","78","53","148","75","89","54","84","50","60","47","26","33","31","34","8","13","1400000US06001406201","Census Tract 4062.01, Alameda County, California"
"1197","93","109","62","107","59","192","88","189","92","86","70","9","14","52","38","58","52","43","47","130","80","82","67","21","25","101","50","8","13","0","95","10","16","1400000US06001406202","Census Tract 4062.02, Alameda County, California"
"1199","103","74","50","139","79","63","43","120","83","105","69","58","51","65","55","112","65","43","37","43","37","146","74","97","67","80","65","7","12","33","39","14","23","1400000US06001406300","Census Tract 4063, Alameda County, California"
"757","54","83","56","75","68","42","35","47","37","29","32","32","34","2","6","28","29","64","43","126","79","65","46","52","41","0","95","59","55","49","38","4","7","1400000US06001406400","Census Tract 4064, Alameda County, California"
"1694","128","154","88","89","53","144","67","169","85","109","72","191","102","28","31","124","78","30","32","116","58","104","62","207","86","114","75","40","33","57","37","18","25","1400000US06001406500","Census Tract 4065, Alameda County, California"
"1804","100","114","99","163","124","186","107","85","60","149","108","52","60","23","34","46","50","102","83","309","117","129","67","185","78","170","84","31","32","41","38","19","32","1400000US06001406601","Census Tract 4066.01, Alameda County, California"
"882","109","39","51","41","64","33","39","129","123","19","30","36","44","44","67","67","65","0","95","183","139","21","36","74","55","72","63","37","44","58","58","29","28","1400000US06001406602","Census Tract 4066.02, Alameda County, California"
"2142","136","137","110","60","49","179","100","52","51","14","22","60","41","70","52","37","42","18","30","99","72","138","72","264","117","351","147","146","65","246","98","271","85","1400000US06001406700","Census Tract 4067, Alameda County, California"
"1372","93","109","65","35","27","87","59","22","24","29","30","59","41","0","95","25","22","42","33","233","87","81","53","139","68","174","71","141","66","88","47","108","49","1400000US06001406800","Census Tract 4068, Alameda County, California"
"1526","75","34","43","105","75","96","68","39","42","19","21","48","42","27","26","109","71","49","39","93","63","92","53","278","80","146","60","71","53","96","40","224","96","1400000US06001406900","Census Tract 4069, Alameda County, California"
"2009","148","153","93","212","128","131","86","178","112","156","98","71","53","174","96","99","65","48","37","112","56","196","98","219","85","100","62","53","39","89","51","18","18","1400000US06001407000","Census Tract 4070, Alameda County, California"
"1006","84","73","64","58","54","153","89","130","100","109","90","46","56","52","54","80","67","46","48","22","28","60","49","44","45","32","37","91","61","0","95","10","17","1400000US06001407101","Census Tract 4071.01, Alameda County, California"
"1214","137","186","79","61","61","96","75","89","81","66","61","46","46","39","48","78","66","76","89","38","40","117","73","201","97","56","51","65","59","0","95","0","95","1400000US06001407102","Census Tract 4071.02, Alameda County, California"
"1674","138","134","79","42","38","233","110","102","63","158","88","102","82","124","95","63","53","39","34","167","88","221","97","180","84","0","95","84","82","25","29","0","95","1400000US06001407200","Census Tract 4072, Alameda County, California"
"743","59","50","53","2","12","12","18","90","64","90","63","109","82","8","16","24","26","26","39","61","57","15","27","111","64","94","67","39","40","12","14","0","95","1400000US06001407300","Census Tract 4073, Alameda County, California"
"1118","93","82","65","70","48","130","73","50","40","124","71","85","54","60","39","77","57","63","45","87","63","29","35","68","52","62","53","57","55","45","40","29","43","1400000US06001407400","Census Tract 4074, Alameda County, California"
"1232","104","250","93","84","53","188","86","77","55","23","26","106","62","65","49","90","62","85","58","42","42","66","49","59","57","71","46","26","23","0","95","0","95","1400000US06001407500","Census Tract 4075, Alameda County, California"
"2153","137","288","150","237","140","90","78","103","80","85","95","94","80","13","19","113","108","68","54","371","158","212","123","159","92","66","57","67","55","108","74","79","59","1400000US06001407600","Census Tract 4076, Alameda County, California"
"1737","97","82","63","26","41","41","44","76","43","84","42","44","32","30","27","107","74","96","64","178","103","142","81","297","94","195","99","173","87","74","52","92","52","1400000US06001407700","Census Tract 4077, Alameda County, California"
"699","69","55","62","20","24","67","56","5","9","44","50","0","95","10","15","28","31","63","48","50","38","92","62","111","69","46","41","30","28","46","33","32","46","1400000US06001407800","Census Tract 4078, Alameda County, California"
"1061","125","21","24","23","22","7","11","39","33","39","42","28","28","40","26","55","46","12","20","76","57","104","60","162","59","136","66","96","57","85","51","138","65","1400000US06001407900","Census Tract 4079, Alameda County, California"
"982","65","34","38","14","21","0","95","12","19","7","10","36","38","0","95","8","13","0","95","38","36","67","34","205","70","171","83","23","23","141","58","226","68","1400000US06001408000","Census Tract 4080, Alameda County, California"
"2508","143","25","33","14","23","38","36","107","94","24","27","16","24","76","75","0","95","28","33","168","97","230","109","399","121","323","116","200","80","415","120","445","135","1400000US06001408100","Census Tract 4081, Alameda County, California"
"1663","116","84","59","145","89","120","81","82","70","83","77","69","48","71","56","99","71","73","51","148","80","159","76","246","114","121","77","106","53","37","33","20","25","1400000US06001408200","Census Tract 4082, Alameda County, California"
"1801","96","69","54","100","84","140","75","34","32","191","102","139","83","61","64","60","47","65","60","137","83","124","59","264","108","131","66","112","57","103","48","71","55","1400000US06001408300","Census Tract 4083, Alameda County, California"
"1123","121","116","82","141","80","54","61","166","97","12","20","65","64","32","32","69","66","74","60","81","69","60","45","75","48","109","78","25","23","44","47","0","95","1400000US06001408400","Census Tract 4084, Alameda County, California"
"1520","106","152","82","151","79","98","66","112","78","68","52","135","76","116","84","39","46","93","72","252","116","47","33","188","73","60","45","0","95","0","95","9","14","1400000US06001408500","Census Tract 4085, Alameda County, California"
"1685","114","212","103","160","77","153","91","165","95","81","54","120","71","21","20","82","66","52","53","95","57","194","86","180","99","55","47","79","67","25","40","11","20","1400000US06001408600","Census Tract 4086, Alameda County, California"
"2074","142","152","75","124","85","112","94","154","79","197","100","168","98","99","81","137","84","174","100","238","109","161","110","238","135","50","51","23","27","33","45","14","22","1400000US06001408700","Census Tract 4087, Alameda County, California"
"1692","128","312","123","254","111","189","75","174","99","134","83","71","59","96","76","93","61","96","65","67","41","59","58","52","41","66","56","2","9","27","25","0","95","1400000US06001408800","Census Tract 4088, Alameda County, California"
"986","88","134","59","225","85","98","66","94","56","115","59","52","50","21","27","20","28","69","53","20","27","58","46","80","31","0","95","0","95","0","95","0","95","1400000US06001408900","Census Tract 4089, Alameda County, California"
"1050","65","76","53","116","67","92","64","89","60","87","58","61","47","86","59","51","48","29","28","41","36","147","60","83","47","44","43","21","28","27","33","0","95","1400000US06001409000","Census Tract 4090, Alameda County, California"
"650","56","75","64","38","35","13","21","6","13","13","22","86","66","20","18","11","15","16","27","51","30","51","47","70","56","84","68","61","56","55","51","0","95","1400000US06001409100","Census Tract 4091, Alameda County, California"
"865","78","64","42","49","44","39","37","44","36","49","46","41","43","137","89","34","41","45","38","186","86","75","48","36","35","62","55","4","16","0","95","0","95","1400000US06001409200","Census Tract 4092, Alameda County, California"
"1538","95","144","82","169","86","38","43","183","88","131","73","156","87","83","64","37","35","20","33","76","53","242","112","91","66","84","63","68","58","0","95","16","25","1400000US06001409300","Census Tract 4093, Alameda County, California"
"1047","97","95","69","65","56","85","63","0","95","53","39","115","66","40","47","30","29","46","41","102","74","130","68","160","105","56","49","47","50","0","95","23","35","1400000US06001409400","Census Tract 4094, Alameda County, California"
"860","84","84","49","62","46","95","48","30","31","33","34","154","69","20","16","22","24","38","31","0","95","102","69","156","74","26","23","38","41","0","95","0","95","1400000US06001409500","Census Tract 4095, Alameda County, California"
"1455","128","113","78","74","46","169","91","37","43","73","61","144","89","67","54","83","64","65","61","152","97","184","108","150","77","71","61","34","41","39","36","0","95","1400000US06001409600","Census Tract 4096, Alameda County, California"
"1498","115","144","91","202","95","70","47","190","75","80","53","58","43","91","61","69","51","96","57","198","82","82","44","160","108","20","28","26","34","0","95","12","22","1400000US06001409700","Census Tract 4097, Alameda County, California"
"1173","102","161","87","115","77","97","65","58","52","61","41","82","60","10","17","46","36","0","95","70","53","40","37","109","65","86","48","99","73","110","64","29","30","1400000US06001409800","Census Tract 4098, Alameda County, California"
"1404","81","88","79","23","25","64","58","0","95","26","23","60","48","41","35","16","19","18","21","69","51","56","36","201","77","182","91","139","63","171","91","250","91","1400000US06001409900","Census Tract 4099, Alameda County, California"
"1164","76","53","54","27","28","12","18","27","29","52","64","70","64","43","30","94","74","24","27","95","53","45","36","108","71","215","93","90","56","119","69","90","51","1400000US06001410000","Census Tract 4100, Alameda County, California"
"981","59","97","63","87","58","89","60","86","63","36","43","51","42","40","33","31","36","4","15","47","32","119","66","64","50","66","41","82","50","76","56","6","11","1400000US06001410100","Census Tract 4101, Alameda County, California"
"1057","97","77","63","88","57","70","66","65","42","121","87","85","59","6","10","118","80","89","63","49","40","68","40","38","33","140","81","7","12","17","20","19","22","1400000US06001410200","Census Tract 4102, Alameda County, California"
"1010","64","121","76","155","69","57","51","74","49","11","16","120","67","52","42","78","50","14","17","79","55","131","62","45","41","25","29","22","35","26","33","0","95","1400000US06001410300","Census Tract 4103, Alameda County, California"
"1274","90","128","80","62","54","74","64","32","30","53","55","126","75","39","31","129","77","32","35","34","35","24","23","248","88","129","65","38","38","86","53","40","44","1400000US06001410400","Census Tract 4104, Alameda County, California"
"1051","87","255","133","150","85","134","69","99","70","70","56","69","48","56","64","65","62","0","95","16","17","34","27","54","40","21","27","23","30","0","95","5","8","1400000US06001410500","Census Tract 4105, Alameda County, California"
"918","46","22","24","40","30","37","31","10","15","21","23","10","16","10","12","20","22","7","11","25","22","73","46","132","63","66","39","72","43","120","47","253","69","1400000US06001420100","Census Tract 4201, Alameda County, California"
"1227","88","38","31","70","52","29","27","34","30","126","75","61","49","34","35","11","17","55","41","97","77","82","50","187","70","154","65","55","39","127","62","67","42","1400000US06001420200","Census Tract 4202, Alameda County, California"
"1978","142","22","32","48","45","177","108","126","92","29","43","23","35","53","49","73","65","78","64","199","91","215","108","315","113","158","82","178","90","158","94","126","78","1400000US06001420300","Census Tract 4203, Alameda County, California"
"1085","111","111","56","80","45","77","62","98","76","99","66","24","24","72","55","48","44","53","38","140","81","79","46","41","33","45","36","40","38","39","32","39","46","1400000US06001420400","Census Tract 4204, Alameda County, California"
"882","78","28","26","0","95","17","22","63","56","13","16","38","30","44","38","14","22","76","61","77","43","155","69","61","40","94","61","88","47","36","29","78","47","1400000US06001420500","Census Tract 4205, Alameda County, California"
"1211","93","78","56","10","16","10","16","50","38","17","20","41","37","7","13","32","36","27","28","58","44","73","48","152","65","197","75","158","84","135","52","166","62","1400000US06001420600","Census Tract 4206, Alameda County, California"
"869","42","0","95","32","35","0","95","8","13","14","22","14","21","0","95","0","95","35","31","0","95","77","43","44","25","151","68","28","30","81","41","385","80","1400000US06001421100","Census Tract 4211, Alameda County, California"
"1456","77","3","10","0","95","49","69","8","13","32","29","0","95","30","27","27","28","29","24","33","31","43","32","137","60","133","66","143","68","257","84","532","94","1400000US06001421200","Census Tract 4212, Alameda County, California"
"1644","90","15","16","31","33","31","30","38","32","45","33","19","23","28","26","86","51","25","22","40","32","99","49","231","92","191","61","85","52","199","78","481","90","1400000US06001421300","Census Tract 4213, Alameda County, California"
"686","39","4","6","26","27","18","19","5","7","25","30","31","29","17","22","1","3","9","14","53","43","4","8","73","49","49","33","101","55","142","78","128","61","1400000US06001421400","Census Tract 4214, Alameda County, California"
"1617","72","57","48","11","17","8","13","21","24","23","19","37","27","20","21","0","95","11","17","91","52","101","73","221","90","124","78","152","74","284","84","456","112","1400000US06001421500","Census Tract 4215, Alameda County, California"
"1572","82","7","13","99","77","49","43","19","27","47","39","9","14","0","95","60","61","45","51","63","41","130","64","111","54","180","81","187","73","282","85","284","78","1400000US06001421600","Census Tract 4216, Alameda County, California"
"1631","76","71","48","89","44","44","31","20","24","31","18","40","22","47","41","40","41","42","34","175","75","196","95","223","94","204","82","116","70","172","62","121","50","1400000US06001421700","Census Tract 4217, Alameda County, California"
"880","71","45","33","47","34","6","9","20","25","65","64","8","10","17","19","11","16","18","24","69","41","21","25","180","69","85","52","40","29","114","52","134","54","1400000US06001421800","Census Tract 4218, Alameda County, California"
"1619","121","70","46","78","56","30","29","65","41","12","18","62","39","30","27","63","43","39","29","78","52","115","61","205","77","258","96","127","61","115","58","272","84","1400000US06001421900","Census Tract 4219, Alameda County, California"
"598","76","54","34","49","32","39","48","28","34","26","21","24","28","39","46","10","15","33","34","50","50","34","26","69","58","20","19","61","43","42","31","20","22","1400000US06001422000","Census Tract 4220, Alameda County, California"
"1035","84","209","79","42","33","15","20","86","58","55","42","9","15","19","21","112","82","42","36","88","57","53","41","138","70","69","39","22","22","65","31","11","16","1400000US06001422100","Census Tract 4221, Alameda County, California"
"1513","103","73","57","105","72","45","34","98","55","91","68","60","52","95","65","64","51","66","56","134","80","111","51","133","69","123","67","95","61","90","45","130","63","1400000US06001422200","Census Tract 4222, Alameda County, California"
"1595","110","153","83","50","29","97","56","155","79","89","42","22","23","82","57","89","75","84","62","129","71","108","55","184","71","90","47","91","49","97","52","75","37","1400000US06001422300","Census Tract 4223, Alameda County, California"
"2284","73","216","81","128","80","201","115","107","85","168","99","146","113","209","110","59","58","25","29","278","129","112","72","212","96","108","56","94","64","163","125","58","52","1400000US06001422400","Census Tract 4224, Alameda County, California"
"1547","113","182","48","146","79","51","31","135","79","61","38","91","52","30","21","67","45","69","61","113","49","104","66","145","51","74","48","154","76","30","25","95","46","1400000US06001422500","Census Tract 4225, Alameda County, California"
"20","22","11","17","0","95","0","95","0","95","0","95","0","95","0","95","0","95","0","95","0","95","0","95","0","95","0","95","0","95","0","95","9","14","1400000US06001422600","Census Tract 4226, Alameda County, California"
"1063","79","169","67","55","59","23","22","146","75","88","69","46","36","32","38","24","22","50","56","90","59","20","23","139","80","43","36","55","39","41","43","42","24","1400000US06001422700","Census Tract 4227, Alameda County, California"
"1378","110","543","125","9","15","91","61","39","47","159","90","82","63","100","49","83","62","88","49","34","25","62","55","53","38","0","95","13","17","11","15","11","17","1400000US06001422800","Census Tract 4228, Alameda County, California"
"1871","121","457","116","234","109","116","81","93","70","0","95","161","88","50","46","49","52","152","86","110","75","126","79","193","93","42","34","79","58","0","95","9","16","1400000US06001422900","Census Tract 4229, Alameda County, California"
"2110","128","154","91","89","72","48","57","64","69","71","70","48","42","53","67","156","77","46","43","97","63","228","107","273","109","157","89","248","139","253","102","125","78","1400000US06001423000","Census Tract 4230, Alameda County, California"
"1805","125","230","118","232","86","63","49","48","33","73","49","123","78","15","16","51","43","113","79","86","54","183","75","169","76","140","82","123","58","109","62","47","43","1400000US06001423100","Census Tract 4231, Alameda County, California"
"1073","88","105","55","121","61","63","51","46","53","31","31","23","29","51","55","76","71","24","27","11","12","72","49","180","78","115","72","59","47","73","55","23","36","1400000US06001423200","Census Tract 4232, Alameda County, California"
"1534","124","59","43","165","109","109","89","77","57","36","31","66","46","71","44","47","45","127","94","89","54","93","57","232","89","150","73","88","56","52","49","73","47","1400000US06001423300","Census Tract 4233, Alameda County, California"
"2021","116","174","100","154","110","164","109","144","115","46","52","200","141","170","117","49","45","125","77","94","65","137","103","227","111","93","68","66","48","76","64","102","67","1400000US06001423400","Census Tract 4234, Alameda County, California"
"1333","90","32","26","142","71","47","39","56","54","64","43","29","25","34","38","25","33","79","55","68","50","144","66","308","95","79","54","87","72","71","46","68","41","1400000US06001423500","Census Tract 4235, Alameda County, California"
"1245","90","118","67","95","67","46","39","64","60","46","36","0","95","93","47","42","29","23","26","72","46","115","53","94","56","120","77","125","56","106","60","86","38","1400000US06001423601","Census Tract 4236.01, Alameda County, California"
"2447","149","600","167","155","104","87","71","178","111","88","60","95","63","115","102","89","97","176","114","158","107","170","114","257","126","86","62","62","51","10","17","121","71","1400000US06001423602","Census Tract 4236.02, Alameda County, California"
"1203","111","151","70","130","61","102","60","33","28","16","18","58","44","8","14","24","23","33","41","55","38","53","36","121","65","66","49","36","26","87","50","230","80","1400000US06001423700","Census Tract 4237, Alameda County, California"
"1269","80","18","20","14","21","5","10","41","59","29","28","25","23","36","29","12","19","16","18","46","33","135","61","62","34","119","58","114","62","88","46","509","105","1400000US06001423800","Census Tract 4238, Alameda County, California"
"805","90","40","35","121","70","54","38","4","7","25","25","41","57","6","9","75","49","16","17","100","73","93","54","57","41","35","31","10","13","93","71","35","36","1400000US06001423901","Census Tract 4239.01, Alameda County, California"
"765","54","5","7","53","49","38","27","21","23","13","14","30","32","10","16","15","17","0","95","56","40","136","74","120","58","35","34","42","25","94","49","97","42","1400000US06001423902","Census Tract 4239.02, Alameda County, California"
"1450","92","168","74","113","71","93","53","89","63","30","29","48","39","134","83","60","43","52","45","120","68","213","68","145","77","91","49","55","45","15","24","24","24","1400000US06001424001","Census Tract 4240.01, Alameda County, California"
"966","61","164","89","79","60","21","32","54","48","54","66","115","79","43","44","25","22","9","14","35","37","131","98","102","56","79","46","16","19","39","31","0","95","1400000US06001424002","Census Tract 4240.02, Alameda County, California"
"1266","95","34","33","40","47","61","97","36","41","24","33","0","95","88","60","28","28","69","91","54","45","185","124","191","102","175","122","76","64","25","34","180","100","1400000US06001425101","Census Tract 4251.01, Alameda County, California"
"1446","156","134","153","137","122","107","82","27","32","17","28","16","25","60","77","0","95","49","48","116","82","122","86","157","89","153","57","102","84","31","36","218","133","1400000US06001425102","Census Tract 4251.02, Alameda County, California"
"1200","123","43","40","34","53","23","35","109","86","58","54","0","95","66","67","0","95","16","25","0","95","112","83","263","136","25","25","148","79","143","97","160","90","1400000US06001425103","Census Tract 4251.03, Alameda County, California"
"1600","167","125","112","160","123","91","79","106","97","135","112","26","50","28","34","14","21","103","94","200","98","172","136","129","91","161","101","40","42","93","79","17","25","1400000US06001425104","Census Tract 4251.04, Alameda County, California"
"2048","76","12","20","34","36","0","95","0","95","23","26","10","16","24","28","42","65","27","30","47","40","28","28","103","71","246","121","144","75","200","79","1108","145","1400000US06001426100","Census Tract 4261, Alameda County, California"
"1607","77","30","26","8","14","11","19","7","12","8","12","18","20","38","29","8","14","0","95","61","36","116","60","144","76","116","59","89","51","253","89","700","100","1400000US06001426200","Census Tract 4262, Alameda County, California"
"1336","58","16","19","17","20","0","95","68","54","29","28","18","20","9","15","80","45","42","41","93","61","72","57","234","72","224","71","109","66","131","55","194","67","1400000US06001427100","Census Tract 4271, Alameda County, California"
"1479","114","38","32","73","57","125","82","49","37","98","60","101","66","87","55","9","16","26","29","47","34","112","56","185","81","173","88","82","54","182","75","92","46","1400000US06001427200","Census Tract 4272, Alameda County, California"
"1935","113","42","52","61","50","144","81","61","56","53","42","107","73","155","113","60","47","16","26","186","110","167","89","255","107","176","86","57","38","174","93","221","108","1400000US06001427300","Census Tract 4273, Alameda County, California"
"1585","107","115","71","135","87","70","60","67","39","76","66","94","65","166","95","39","31","64","45","194","95","162","86","122","73","174","86","24","25","68","52","15","25","1400000US06001427600","Census Tract 4276, Alameda County, California"
"2257","119","138","83","78","54","24","38","149","76","158","84","84","72","47","40","53","50","125","95","264","102","266","110","374","144","240","90","63","50","95","63","99","70","1400000US06001427700","Census Tract 4277, Alameda County, California"
"1910","121","86","67","119","76","69","65","125","74","39","37","28","33","94","54","108","89","21","25","23","27","200","91","200","108","282","110","155","95","160","102","201","84","1400000US06001427800","Census Tract 4278, Alameda County, California"
"2115","95","57","50","175","80","30","33","51","66","36","35","84","75","142","93","109","77","88","56","134","86","183","83","228","110","295","153","144","75","125","93","234","87","1400000US06001427900","Census Tract 4279, Alameda County, California"
"1331","72","26","32","158","87","113","67","37","52","106","72","45","38","53","36","23","22","75","45","110","60","146","75","199","95","69","47","79","66","60","41","32","26","1400000US06001428000","Census Tract 4280, Alameda County, California"
"1912","118","98","71","14","24","78","94","31","36","76","59","0","95","50","38","54","84","77","56","78","59","231","127","357","137","262","108","145","130","189","80","172","76","1400000US06001428100","Census Tract 4281, Alameda County, California"
"2505","131","125","75","99","73","37","35","135","91","52","49","89","83","34","32","35","42","49","40","175","75","196","79","322","111","368","136","214","99","312","134","263","113","1400000US06001428200","Census Tract 4282, Alameda County, California"
"2330","100","48","40","51","44","53","40","62","43","124","76","52","41","39","35","12","19","81","45","160","79","300","112","271","115","406","151","157","76","297","111","217","88","1400000US06001428301","Census Tract 4283.01, Alameda County, California"
"2545","100","54","44","46","41","0","95","13","23","12","20","32","36","129","86","0","95","41","37","26","30","175","87","360","123","259","103","292","101","544","122","562","108","1400000US06001428302","Census Tract 4283.02, Alameda County, California"
"1832","110","53","40","70","47","93","70","145","75","46","32","90","51","58","36","155","106","39","27","280","118","197","82","232","86","105","57","112","60","63","56","94","37","1400000US06001428400","Census Tract 4284, Alameda County, California"
"1433","80","30","24","99","62","16","19","30","24","46","44","32","33","51","41","85","63","115","69","128","60","154","83","283","111","220","97","70","44","29","35","45","44","1400000US06001428500","Census Tract 4285, Alameda County, California"
"1407","89","66","55","61","42","63","57","23","21","28","28","51","50","19","19","76","49","32","28","131","73","153","74","311","105","108","61","169","77","66","44","50","34","1400000US06001428600","Census Tract 4286, Alameda County, California"
"1175","110","71","62","97","60","57","49","67","50","72","53","20","23","53","42","20","20","43","35","60","45","70","57","83","61","136","76","91","64","89","52","146","50","1400000US06001428700","Census Tract 4287, Alameda County, California"
"2256","63","0","95","33","37","0","95","0","95","42","46","54","45","24","37","46","43","16","24","58","48","201","115","437","147","198","82","236","90","332","132","579","125","1400000US06001430101","Census Tract 4301.01, Alameda County, California"
"890","37","0","95","0","95","45","42","0","95","24","27","99","79","41","43","47","43","28","26","0","95","44","43","75","48","27","33","51","39","205","82","204","79","1400000US06001430102","Census Tract 4301.02, Alameda County, California"
"2300","105","27","39","40","45","12","20","89","93","47","45","84","59","57","47","145","104","92","76","110","60","125","70","304","111","235","113","309","110","380","103","244","81","1400000US06001430200","Census Tract 4302, Alameda County, California"
"1281","55","61","39","17","23","13","18","22","24","38","30","57","40","25","31","66","44","30","42","50","38","100","55","161","69","103","58","122","57","179","76","237","82","1400000US06001430300","Census Tract 4303, Alameda County, California"
"756","23","5","8","20","25","0","95","26","27","12","19","4","8","18","21","33","32","14","21","14","21","148","53","45","32","83","41","99","49","70","41","165","61","1400000US06001430400","Census Tract 4304, Alameda County, California"
"1928","103","61","43","116","83","20","24","41","62","54","56","136","86","28","32","120","85","171","82","143","82","191","103","321","109","120","60","189","100","167","87","50","61","1400000US06001430500","Census Tract 4305, Alameda County, California"
"2130","77","41","43","78","67","65","52","33","28","12","20","114","98","145","105","0","95","50","34","137","90","209","101","265","119","205","109","94","55","446","143","236","101","1400000US06001430600","Census Tract 4306, Alameda County, California"
"1289","75","30","28","77","58","25","39","17","19","27","25","30","22","23","24","67","48","7","11","85","53","115","46","121","50","242","86","130","55","186","72","107","66","1400000US06001430700","Census Tract 4307, Alameda County, California"
"2052","109","57","46","27","31","82","50","54","43","94","60","16","25","101","81","67","52","34","34","162","79","298","105","342","109","281","110","79","59","295","102","63","42","1400000US06001430800","Census Tract 4308, Alameda County, California"
"1814","81","58","36","144","82","62","50","86","59","112","78","162","62","27","22","107","75","116","74","210","94","237","80","198","83","120","79","78","53","35","32","62","31","1400000US06001430900","Census Tract 4309, Alameda County, California"
"1122","71","49","38","108","41","49","33","51","45","62","40","41","34","56","49","52","73","67","57","77","55","108","80","193","80","101","59","58","37","50","44","0","95","1400000US06001431000","Census Tract 4310, Alameda County, California"
"1301","89","34","43","78","50","53","40","79","55","9","15","65","44","104","58","85","55","46","40","170","83","143","67","120","70","140","68","58","49","85","57","32","31","1400000US06001431100","Census Tract 4311, Alameda County, California"
"2477","117","187","122","189","114","61","44","183","129","79","59","70","66","239","129","174","118","99","67","128","93","284","107","265","109","273","125","69","61","166","97","11","17","1400000US06001431200","Census Tract 4312, Alameda County, California"
"1340","80","88","78","22","26","26","22","10","17","46","47","71","59","8","12","42","37","39","32","31","26","162","88","183","89","120","53","134","78","267","78","91","40","1400000US06001432100","Census Tract 4321, Alameda County, California"
"1516","102","59","44","173","90","31","29","142","71","40","23","31","28","80","75","98","56","45","34","66","44","97","60","128","63","236","88","103","54","110","54","77","57","1400000US06001432200","Census Tract 4322, Alameda County, California"
"1485","108","85","48","111","61","41","41","25","26","46","37","28","35","99","74","45","47","90","70","103","61","73","38","201","83","94","49","131","59","212","79","101","43","1400000US06001432300","Census Tract 4323, Alameda County, California"
"1711","111","83","68","67","51","50","39","74","63","58","52","36","29","97","68","98","65","96","63","207","86","246","97","236","83","176","95","128","74","35","25","24","21","1400000US06001432400","Census Tract 4324, Alameda County, California"
"1442","40","11","20","37","41","44","42","126","98","55","39","110","74","52","46","88","78","71","53","198","109","172","101","103","74","183","91","83","60","76","67","33","45","1400000US06001432501","Census Tract 4325.01, Alameda County, California"
"1450","54","9","15","47","47","43","55","72","69","53","54","42","53","29","27","42","42","107","88","90","65","207","100","298","122","142","101","115","80","88","73","66","48","1400000US06001432502","Census Tract 4325.02, Alameda County, California"
"2743","128","236","111","243","124","139","93","232","112","155","125","156","90","140","88","113","88","201","123","147","76","380","116","355","136","99","62","54","40","74","52","19","30","1400000US06001432600","Census Tract 4326, Alameda County, California"
"918","58","30","28","10","15","42","27","40","35","68","50","48","38","24","37","54","35","10","16","57","40","56","32","81","42","73","34","144","61","98","57","83","42","1400000US06001432700","Census Tract 4327, Alameda County, California"
"1355","78","57","65","46","37","39","34","40","34","48","34","57","39","84","61","43","30","17","20","47","32","110","51","167","72","134","78","168","77","174","81","124","61","1400000US06001432800","Census Tract 4328, Alameda County, California"
"1225","106","56","34","60","44","29","27","36","33","18","21","23","21","83","60","65","39","44","39","60","43","196","93","151","63","184","81","71","41","109","57","40","30","1400000US06001433000","Census Tract 4330, Alameda County, California"
"1286","62","33","30","58","45","93","52","67","61","76","56","8","14","31","36","59","49","9","14","92","42","175","73","244","71","167","79","63","51","75","45","36","31","1400000US06001433102","Census Tract 4331.02, Alameda County, California"
"1503","59","111","99","98","78","40","52","90","76","114","108","161","111","23","29","206","117","102","76","188","94","171","108","136","74","49","58","14","34","0","95","0","95","1400000US06001433103","Census Tract 4331.03, Alameda County, California"
"1653","122","78","60","64","68","112","103","46","48","52","56","50","48","110","71","52","42","132","101","228","134","215","120","150","87","142","105","69","76","125","110","28","33","1400000US06001433104","Census Tract 4331.04, Alameda County, California"
"2540","124","83","69","197","97","109","86","154","102","144","77","119","75","58","54","193","98","18","23","258","131","246","119","449","156","177","111","124","98","145","82","66","48","1400000US06001433200","Census Tract 4332, Alameda County, California"
"2097","63","71","63","37","37","51","39","89","84","47","56","109","74","32","36","101","74","52","49","279","129","257","106","411","145","187","76","159","79","154","94","61","57","1400000US06001433300","Census Tract 4333, Alameda County, California"
"2255","64","47","47","43","41","109","92","110","93","117","68","68","59","72","82","185","143","58","44","46","41","256","144","572","156","134","78","173","89","172","92","93","65","1400000US06001433400","Census Tract 4334, Alameda County, California"
"1339","57","45","30","28","32","51","34","69","39","108","57","24","22","51","37","65","46","32","29","115","68","107","53","193","72","169","68","104","58","143","80","35","31","1400000US06001433500","Census Tract 4335, Alameda County, California"
"2003","110","73","49","14","24","193","104","155","110","53","46","128","99","72","53","84","70","141","102","196","102","108","64","379","124","168","101","103","69","113","83","23","29","1400000US06001433600","Census Tract 4336, Alameda County, California"
"996","65","63","67","20","18","19","20","39","59","63","42","7","12","75","67","26","31","96","60","121","80","111","50","140","73","132","68","84","49","0","95","0","95","1400000US06001433700","Census Tract 4337, Alameda County, California"
"2467","108","126","73","100","58","180","84","214","111","112","81","86","74","63","45","117","82","119","70","256","107","383","135","210","109","139","72","136","84","123","72","103","96","1400000US06001433800","Census Tract 4338, Alameda County, California"
"2076","145","174","96","132","102","81","71","67","70","69","59","200","94","144","100","230","119","72","69","367","134","159","83","211","122","95","61","18","29","57","68","0","95","1400000US06001433900","Census Tract 4339, Alameda County, California"
"1616","112","187","104","160","74","141","81","62","55","112","86","72","74","83","59","75","50","78","45","46","29","146","66","141","70","107","64","99","97","88","85","19","27","1400000US06001434000","Census Tract 4340, Alameda County, California"
"1506","77","159","101","0","95","68","91","45","34","59","38","21","22","0","95","0","95","0","95","85","50","74","44","190","88","197","90","190","84","261","83","157","68","1400000US06001435102","Census Tract 4351.02, Alameda County, California"
"2064","94","63","81","0","95","41","42","10","17","12","18","39","43","75","82","28","32","30","45","80","69","76","56","128","77","309","100","313","120","242","110","618","130","1400000US06001435103","Census Tract 4351.03, Alameda County, California"
"1833","151","115","101","114","94","34","38","70","88","74","50","97","92","65","61","51","82","90","86","262","126","191","104","349","152","174","108","48","51","41","41","58","52","1400000US06001435104","Census Tract 4351.04, Alameda County, California"
"1383","80","56","54","0","95","36","55","67","59","67","65","19","22","88","68","39","34","28","27","129","96","97","52","236","85","183","74","122","63","140","58","76","48","1400000US06001435200","Census Tract 4352, Alameda County, California"
"1606","110","244","125","31","28","90","67","0","95","116","71","79","64","32","31","64","59","103","39","77","43","424","145","143","62","65","39","49","42","43","38","46","32","1400000US06001435300","Census Tract 4353, Alameda County, California"
"1807","155","88","75","129","63","52","41","43","51","134","90","202","97","100","65","98","63","94","63","145","70","186","116","153","82","136","83","100","62","113","86","34","25","1400000US06001435400","Census Tract 4354, Alameda County, California"
"1245","110","117","71","155","55","88","44","51","42","47","34","39","32","64","39","53","38","104","64","81","52","144","57","133","64","43","34","112","64","5","10","9","14","1400000US06001435500","Census Tract 4355, Alameda County, California"
"1582","75","132","101","109","76","110","90","102","84","44","62","63","82","50","43","104","87","150","86","163","118","189","150","150","96","79","66","61","69","33","54","43","62","1400000US06001435601","Census Tract 4356.01, Alameda County, California"
"1448","142","44","58","50","43","13","21","123","83","75","75","65","49","130","88","58","88","0","95","120","99","287","119","235","131","78","88","74","49","80","79","16","25","1400000US06001435602","Census Tract 4356.02, Alameda County, California"
"1407","92","27","41","81","55","42","30","87","63","22","27","53","36","33","41","27","25","44","33","140","78","203","91","204","83","202","77","97","59","94","62","51","56","1400000US06001435700","Census Tract 4357, Alameda County, California"
"1600","48","10","16","66","60","30","29","20","18","56","48","65","45","41","49","75","63","99","75","143","81","184","101","336","95","307","107","55","38","90","51","23","26","1400000US06001435800","Census Tract 4358, Alameda County, California"
"1666","46","9","14","50","63","68","59","44","42","98","68","75","41","116","76","32","28","55","42","161","82","183","107","266","109","199","95","134","63","150","62","26","24","1400000US06001435900","Census Tract 4359, Alameda County, California"
"1387","61","55","54","42","38","46","36","39","34","43","36","59","61","28","26","24","22","34","27","197","85","137","68","279","104","186","66","91","71","92","55","35","33","1400000US06001436000","Census Tract 4360, Alameda County, California"
"1782","50","58","39","126","66","130","83","44","60","60","38","45","52","137","84","71","61","104","86","89","45","183","73","275","92","317","111","64","53","47","31","32","35","1400000US06001436100","Census Tract 4361, Alameda County, California"
"1187","59","92","54","79","47","88","52","108","67","110","53","51","40","40","33","95","52","59","51","81","48","211","95","114","61","29","29","6","10","16","18","8","13","1400000US06001436200","Census Tract 4362, Alameda County, California"
"2042","116","89","57","70","43","115","66","138","78","102","71","84","68","175","102","59","38","78","56","217","128","230","99","320","124","163","87","92","57","73","61","37","35","1400000US06001436300","Census Tract 4363, Alameda County, California"
"2737","190","163","104","88","68","29","32","69","51","98","72","55","49","153","113","156","107","115","78","215","118","313","121","402","151","284","114","130","86","170","98","297","124","1400000US06001436401","Census Tract 4364.01, Alameda County, California"
"1014","67","60","50","12","14","8","11","7","11","38","44","0","95","34","32","9","14","0","95","64","59","74","59","91","42","126","65","92","50","103","53","296","78","1400000US06001436402","Census Tract 4364.02, Alameda County, California"
"1681","79","153","65","79","51","17","24","128","83","124","69","65","55","51","36","113","88","91","62","145","74","208","78","243","101","112","52","34","32","82","54","36","47","1400000US06001436500","Census Tract 4365, Alameda County, California"
"1839","93","107","67","128","79","107","68","91","57","53","42","108","56","103","68","132","97","122","82","180","87","323","101","226","105","69","42","23","28","24","24","43","38","1400000US06001436601","Census Tract 4366.01, Alameda County, California"
"1617","80","102","69","93","52","107","69","86","63","52","47","93","69","50","37","91","68","57","56","235","121","213","102","203","103","123","78","23","37","60","46","29","28","1400000US06001436602","Census Tract 4366.02, Alameda County, California"
"1017","56","15","20","74","73","67","72","33","26","26","31","63","76","40","31","44","43","80","56","60","53","136","74","248","100","50","44","22","30","44","45","15","23","1400000US06001436700","Census Tract 4367, Alameda County, California"
"1303","86","80","52","24","26","16","25","87","75","28","27","89","66","28","29","67","53","63","60","76","43","126","80","120","74","255","108","162","94","46","44","36","24","1400000US06001436800","Census Tract 4368, Alameda County, California"
"1766","92","60","62","56","40","72","50","131","67","165","88","117","77","42","37","66","55","117","78","152","74","238","116","214","97","152","75","108","67","63","43","13","18","1400000US06001436900","Census Tract 4369, Alameda County, California"
"1111","84","0","95","50","71","57","61","24","23","26","22","40","29","52","50","92","54","43","34","84","55","120","66","128","46","204","86","108","55","36","36","47","41","1400000US06001437000","Census Tract 4370, Alameda County, California"
"1794","121","28","31","31","35","83","49","35","36","20","32","25","39","100","72","77","52","1","8","76","60","194","128","295","113","173","95","193","78","320","115","143","76","1400000US06001437101","Census Tract 4371.01, Alameda County, California"
"1465","50","109","89","69","58","25","30","94","90","22","31","11","18","27","36","32","43","136","89","131","96","280","113","195","103","157","103","86","57","48","41","43","64","1400000US06001437102","Census Tract 4371.02, Alameda County, California"
"2129","131","61","49","220","113","83","67","126","66","94","54","42","33","93","67","36","41","165","99","120","69","258","110","212","92","282","117","144","90","143","74","50","41","1400000US06001437200","Census Tract 4372, Alameda County, California"
"857","86","32","39","65","60","40","36","27","30","69","47","53","58","18","21","26","21","92","70","47","36","93","74","74","53","86","50","48","35","46","30","41","45","1400000US06001437300","Census Tract 4373, Alameda County, California"
"866","57","42","50","46","32","3","6","16","19","40","34","42","29","0","95","68","49","53","46","24","23","146","65","77","51","118","69","52","37","98","62","41","57","1400000US06001437400","Census Tract 4374, Alameda County, California"
"1134","76","109","80","70","48","61","30","35","35","55","53","86","59","44","43","90","52","71","61","125","78","138","63","154","78","77","59","14","22","5","12","0","95","1400000US06001437500","Census Tract 4375, Alameda County, California"
"906","38","33","31","48","29","45","49","64","37","26","29","34","36","32","30","35","30","33","39","56","37","159","83","126","56","99","62","76","45","33","30","7","12","1400000US06001437600","Census Tract 4376, Alameda County, California"
"949","89","45","41","8","13","92","60","66","45","48","40","72","61","48","48","70","54","30","34","75","54","121","65","117","68","43","34","71","61","38","36","5","9","1400000US06001437701","Census Tract 4377.01, Alameda County, California"
"980","110","50","54","91","61","72","47","104","75","96","66","28","29","128","78","22","36","94","87","101","66","83","56","58","39","24","38","0","95","29","29","0","95","1400000US06001437702","Census Tract 4377.02, Alameda County, California"
"1274","102","38","32","22","24","10","16","42","51","74","56","27","38","24","27","45","33","28","29","32","32","258","103","181","79","196","93","114","64","146","85","37","35","1400000US06001437800","Census Tract 4378, Alameda County, California"
"686","50","30","32","27","21","45","42","9","12","32","33","53","44","61","42","52","45","52","42","72","37","69","46","59","44","81","46","22","26","22","26","0","95","1400000US06001437900","Census Tract 4379, Alameda County, California"
"991","87","12","18","21","26","9","16","0","95","29","28","59","58","23","24","50","41","16","25","156","91","140","68","124","55","161","85","94","66","53","37","44","36","1400000US06001438000","Census Tract 4380, Alameda County, California"
"2138","63","44","39","105","95","46","54","71","63","46","39","34","46","84","77","113","87","35","54","180","110","178","83","322","110","278","133","242","131","167","84","193","99","1400000US06001438100","Census Tract 4381, Alameda County, California"
"1125","75","31","28","46","28","19","22","61","57","55","39","47","35","67","38","69","58","39","35","108","57","162","80","216","87","78","44","43","32","72","62","12","16","1400000US06001438201","Census Tract 4382.01, Alameda County, California"
"1280","73","11","18","84","101","30","37","0","95","55","70","48","50","56","46","4","12","112","69","8","14","233","109","212","115","144","76","81","53","121","83","81","57","1400000US06001438203","Census Tract 4382.03, Alameda County, California"
"1768","102","77","63","10","17","68","47","132","71","75","64","131","80","121","97","55","42","0","95","134","85","252","115","254","110","177","87","59","49","131","70","92","86","1400000US06001438204","Census Tract 4382.04, Alameda County, California"
"892","69","0","95","6","9","0","95","51","60","43","33","47","31","8","12","51","40","60","46","94","60","62","43","212","83","185","94","30","28","16","26","27","27","1400000US06001438300","Census Tract 4383, Alameda County, California"
"724","29","6","10","8","12","54","41","29","32","6","11","40","38","0","95","53","39","27","25","97","77","81","52","126","63","126","79","17","28","32","28","22","24","1400000US06001438400","Census Tract 4384, Alameda County, California"
"778","69","0","95","0","95","12","15","58","43","22","25","18","23","57","50","74","52","24","26","20","23","142","78","120","65","104","47","84","52","17","22","26","23","1400000US06001440100","Census Tract 4401, Alameda County, California"
"1463","89","93","55","133","74","24","23","91","59","86","54","95","73","102","75","34","37","67","53","133","71","219","84","148","64","131","68","47","34","37","33","23","28","1400000US06001440200","Census Tract 4402, Alameda County, California"
"2111","160","17","28","68","57","27","32","126","85","212","154","206","146","107","101","49","58","72","64","68","51","269","145","256","120","175","101","176","105","238","119","45","40","1400000US06001440301","Census Tract 4403.01, Alameda County, California"
"1279","93","10","17","43","33","43","47","37","34","30","29","84","55","68","49","25","29","14","17","88","54","43","28","226","74","205","79","217","94","70","46","76","60","1400000US06001440304","Census Tract 4403.04, Alameda County, California"
"1042","55","18","28","0","95","12","19","45","37","34","29","31","38","40","43","21","23","11","19","95","50","67","38","166","70","150","62","129","76","122","61","101","43","1400000US06001440305","Census Tract 4403.05, Alameda County, California"
"984","76","10","17","72","66","22","22","23","21","12","22","0","95","0","95","32","44","14","16","24","25","225","81","166","74","125","68","49","37","102","63","108","64","1400000US06001440306","Census Tract 4403.06, Alameda County, California"
"1568","95","52","44","103","69","67","41","43","35","56","35","112","73","116","65","85","65","46","38","112","51","113","61","217","89","171","93","59","44","83","60","133","66","1400000US06001440307","Census Tract 4403.07, Alameda County, California"
"1960","105","92","66","144","72","67","47","111","87","63","58","7","12","85","69","55","63","133","94","125","72","182","78","300","98","250","112","95","56","169","103","82","52","1400000US06001440308","Census Tract 4403.08, Alameda County, California"
"833","93","21","25","34","52","34","52","15","16","22","23","4","8","26","23","64","46","65","48","84","57","65","43","169","81","94","55","20","19","82","52","34","23","1400000US06001440331","Census Tract 4403.31, Alameda County, California"
"884","54","0","95","0","95","0","95","31","32","12","15","0","95","0","95","0","95","8","11","39","30","9","14","118","70","101","61","75","41","239","102","252","80","1400000US06001440332","Census Tract 4403.32, Alameda County, California"
"798","74","27","35","25","38","14","21","35","41","0","95","8","13","0","95","53","49","0","95","16","23","65","46","91","43","105","62","148","72","147","73","64","36","1400000US06001440333","Census Tract 4403.33, Alameda County, California"
"1095","75","30","29","0","95","0","95","32","33","37","32","13","21","40","37","85","57","35","32","28","28","93","56","161","69","183","68","131","58","209","89","18","17","1400000US06001440334","Census Tract 4403.34, Alameda County, California"
"1822","112","26","30","41","65","15","24","1","9","33","40","0","95","58","52","0","95","51","37","47","74","136","80","160","104","285","104","296","137","385","132","288","96","1400000US06001440335","Census Tract 4403.35, Alameda County, California"
"1494","92","93","80","80","60","32","49","67","52","15","23","46","43","138","103","14","28","83","74","95","80","141","76","308","122","94","67","53","57","235","122","0","95","1400000US06001440336","Census Tract 4403.36, Alameda County, California"
"1531","107","41","36","84","61","7","12","63","41","13","22","121","73","24","29","61","61","38","35","73","79","20","17","209","76","222","100","168","63","170","69","217","80","1400000US06001441100","Census Tract 4411, Alameda County, California"
"2444","111","204","117","13","21","85","55","9","16","90","48","47","39","123","92","27","35","58","61","162","83","162","100","344","124","306","119","174","88","394","126","246","96","1400000US06001441200","Census Tract 4412, Alameda County, California"
"1126","82","52","54","7","11","0","95","5","8","30","23","15","17","39","37","17","20","0","95","24","34","153","69","87","57","184","94","168","83","152","67","193","67","1400000US06001441301","Census Tract 4413.01, Alameda County, California"
"1762","98","54","42","9","15","0","95","53","48","39","31","29","26","108","56","65","48","43","53","166","89","83","58","226","81","257","81","130","57","303","100","197","76","1400000US06001441302","Census Tract 4413.02, Alameda County, California"
"2380","129","81","102","60","54","115","84","127","94","74","59","11","17","71","64","20","31","72","67","208","109","311","139","304","140","254","112","215","126","263","106","194","102","1400000US06001441401","Census Tract 4414.01, Alameda County, California"
"1639","87","46","34","29","27","34","32","63","51","40","30","29","28","31","29","44","32","71","52","46","31","207","92","206","92","158","55","107","53","264","88","264","88","1400000US06001441402","Census Tract 4414.02, Alameda County, California"
"1787","74","54","41","8","13","62","59","44","36","36","32","28","29","20","23","10","15","0","95","97","64","109","69","213","90","222","101","241","104","301","103","342","85","1400000US06001441501","Census Tract 4415.01, Alameda County, California"
"1629","102","47","73","0","95","46","45","0","95","17","27","32","51","0","95","0","95","0","95","0","95","128","133","177","91","323","133","172","77","334","154","353","97","1400000US06001441503","Census Tract 4415.03, Alameda County, California"
"1822","62","62","50","9","14","19","20","69","53","6","10","34","36","0","95","111","67","36","29","44","50","117","65","200","98","296","92","311","99","215","96","293","86","1400000US06001441521","Census Tract 4415.21, Alameda County, California"
"1495","40","88","58","0","95","0","95","41","31","22","26","71","53","5","9","26","30","28","26","79","59","298","85","193","83","133","61","95","52","237","81","179","74","1400000US06001441522","Census Tract 4415.22, Alameda County, California"
"1436","34","21","33","77","84","15","24","37","50","69","74","0","95","16","26","0","95","0","95","100","70","53","46","145","91","302","110","260","119","272","112","69","61","1400000US06001441523","Census Tract 4415.23, Alameda County, California"
"1352","65","26","32","38","42","39","49","0","95","0","95","0","95","11","18","42","44","12","18","58","60","64","59","186","119","171","93","167","81","346","113","192","123","1400000US06001441524","Census Tract 4415.24, Alameda County, California"
"1443","63","30","26","0","95","49","36","52","50","69","49","66","57","30","28","53","51","40","36","69","44","177","70","228","94","154","61","154","66","212","80","60","39","1400000US06001441601","Census Tract 4416.01, Alameda County, California"
"2224","115","40","35","0","95","31","29","125","86","52","49","108","77","168","85","104","82","0","95","218","101","162","72","432","142","253","105","191","99","211","102","129","82","1400000US06001441602","Census Tract 4416.02, Alameda County, California"
"2427","222","173","130","30","34","76","74","94","68","59","50","233","146","27","31","72","56","42","42","93","75","363","162","344","158","208","122","148","96","195","112","270","112","1400000US06001441700","Census Tract 4417, Alameda County, California"
"2397","78","41","47","47","52","0","95","83","56","115","91","157","91","17","26","32","38","135","80","304","200","251","133","364","139","318","122","149","69","224","103","160","83","1400000US06001441800","Census Tract 4418, Alameda County, California"
"1205","80","37","37","45","55","0","95","0","95","43","46","16","24","31","24","19","22","53","41","49","31","137","74","207","81","279","104","78","66","139","73","72","58","1400000US06001441921","Census Tract 4419.21, Alameda County, California"
"1829","194","72","54","39","37","30","35","143","95","74","82","58","62","66","80","36","39","43","42","137","71","364","138","298","132","217","142","95","71","109","72","48","52","1400000US06001441923","Census Tract 4419.23, Alameda County, California"
"2341","144","0","95","39","50","60","54","93","81","19","26","38","36","57","48","93","85","43","55","106","65","206","112","355","137","410","153","198","102","289","139","335","104","1400000US06001441924","Census Tract 4419.24, Alameda County, California"
"2639","181","29","47","14","23","0","95","32","43","43","64","72","82","17","29","28","46","75","56","68","50","354","166","498","169","489","160","243","139","437","166","240","123","1400000US06001441925","Census Tract 4419.25, Alameda County, California"
"1355","107","11","18","28","25","80","63","0","95","73","51","90","68","24","39","47","56","109","83","181","97","116","96","222","117","215","126","35","36","90","76","34","52","1400000US06001441926","Census Tract 4419.26, Alameda County, California"
"1543","141","101","74","49","39","99","54","41","53","10","20","0","95","76","71","33","30","34","35","145","102","268","133","193","88","225","120","51","41","78","49","140","79","1400000US06001441927","Census Tract 4419.27, Alameda County, California"
"1064","22","12","18","7","10","10","16","10","16","33","52","12","18","11","17","10","16","29","27","57","39","63","42","36","33","71","44","139","57","220","74","344","98","1400000US06001442000","Census Tract 4420, Alameda County, California"
"1632","86","40","41","31","37","29","25","9","15","9","14","40","35","42","44","68","63","21","24","36","31","54","36","125","63","171","62","105","50","384","113","468","112","1400000US06001442100","Census Tract 4421, Alameda County, California"
"2099","107","26","32","23","30","20","33","81","69","64","65","31","35","77","65","0","95","30","34","128","68","146","89","186","82","256","107","205","114","340","115","486","116","1400000US06001442200","Census Tract 4422, Alameda County, California"
"1387","119","54","47","54","50","22","36","0","95","37","41","44","44","81","61","178","118","35","39","61","48","117","65","196","90","267","89","103","75","100","58","38","44","1400000US06001442301","Census Tract 4423.01, Alameda County, California"
"1760","129","80","49","97","60","39","44","115","107","46","62","153","104","37","36","174","100","29","32","282","134","160","98","141","78","59","43","139","83","136","58","73","58","1400000US06001442302","Census Tract 4423.02, Alameda County, California"
"1881","89","19","21","22","25","44","36","25","29","59","56","4","9","41","36","25","29","82","45","226","114","241","105","256","92","265","86","255","96","207","95","110","57","1400000US06001442400","Census Tract 4424, Alameda County, California"
"2105","144","36","34","102","92","13","22","105","82","46","47","69","49","25","30","40","38","22","25","183","115","321","134","433","148","338","129","251","103","78","51","43","39","1400000US06001442500","Census Tract 4425, Alameda County, California"
"1274","71","66","66","15","25","70","71","73","72","64","50","27","29","14","24","14","22","14","22","155","100","105","111","106","67","98","65","215","95","158","62","80","51","1400000US06001442601","Census Tract 4426.01, Alameda County, California"
"1648","110","24","28","76","81","20","25","150","91","18","31","39","40","126","131","136","104","54","70","114","72","125","76","126","97","131","84","129","79","171","73","209","83","1400000US06001442602","Census Tract 4426.02, Alameda County, California"
"1065","47","58","58","10","17","41","35","27","20","39","36","10","15","17","22","27","27","32","34","100","58","74","38","92","53","95","57","168","69","167","77","108","54","1400000US06001442700","Census Tract 4427, Alameda County, California"
"850","69","18","18","59","52","41","25","17","19","9","15","44","36","17","20","49","55","59","52","71","44","73","45","92","66","128","61","42","25","101","53","30","29","1400000US06001442800","Census Tract 4428, Alameda County, California"
"2112","124","84","80","42","40","41","38","67","52","43","41","75","64","70","50","88","70","54","63","135","93","320","130","188","107","219","110","241","92","399","125","46","40","1400000US06001442900","Census Tract 4429, Alameda County, California"
"809","51","11","18","0","95","33","27","30","33","14","16","11","17","12","18","13","21","28","34","79","63","95","55","120","55","194","68","63","37","97","53","9","14","1400000US06001443001","Census Tract 4430.01, Alameda County, California"
"1772","97","92","64","36","31","62","66","58","63","39","31","34","25","61","46","38","30","69","57","95","51","236","109","259","95","261","90","159","81","162","73","111","66","1400000US06001443002","Census Tract 4430.02, Alameda County, California"
"1463","59","16","24","7","12","47","45","11","17","8","14","10","16","0","95","0","95","30","27","48","39","75","45","111","60","140","73","312","107","254","91","394","96","1400000US06001443102","Census Tract 4431.02, Alameda County, California"
"1056","77","0","95","10","17","0","95","20","30","5","8","15","20","10","16","0","95","10","16","0","95","35","29","43","38","70","47","97","63","171","62","570","107","1400000US06001443103","Census Tract 4431.03, Alameda County, California"
"1629","104","11","18","25","28","39","61","13","20","11","20","57","44","0","95","25","34","15","26","87","55","136","87","112","75","209","85","253","117","367","149","269","116","1400000US06001443104","Census Tract 4431.04, Alameda County, California"
"1393","86","14","22","8","13","17","27","45","35","0","95","0","95","8","14","0","95","22","34","0","95","10","17","114","82","133","81","229","112","370","146","423","118","1400000US06001443105","Census Tract 4431.05, Alameda County, California"
"1162","56","0","95","0","95","0","95","14","16","17","21","15","17","0","95","24","37","0","95","30","24","21","22","70","48","115","56","168","73","97","48","591","103","1400000US06001443200","Census Tract 4432, Alameda County, California"
"1240","46","52","49","18","21","31","27","29","34","10","14","0","95","22","24","0","95","25","29","21","25","74","42","94","51","223","79","63","45","259","77","319","82","1400000US06001443301","Census Tract 4433.01, Alameda County, California"
"1246","53","77","68","82","81","42","48","10","16","15","24","49","41","18","22","75","75","39","58","69","53","113","58","156","75","194","110","104","60","68","52","135","81","1400000US06001443321","Census Tract 4433.21, Alameda County, California"
"923","74","0","95","0","95","0","95","0","95","20","34","15","22","8","18","27","32","29","35","64","49","53","47","108","72","125","76","184","72","182","69","108","60","1400000US06001443322","Census Tract 4433.22, Alameda County, California"
"2430","111","52","46","169","107","139","73","73","71","95","59","63","45","54","53","60","43","40","45","249","118","191","89","372","140","378","134","149","83","233","115","113","69","1400000US06001444100","Census Tract 4441, Alameda County, California"
"1953","108","18","21","39","32","48","29","153","90","65","42","30","34","63","55","37","32","100","77","96","63","266","97","324","124","275","118","203","95","124","63","112","82","1400000US06001444200","Census Tract 4442, Alameda County, California"
"1160","75","8","14","18","29","32","38","40","27","44","38","49","51","30","33","0","95","39","48","65","70","162","107","154","85","114","81","164","92","76","68","165","84","1400000US06001444301","Census Tract 4443.01, Alameda County, California"
"1267","72","58","62","12","20","28","31","82","64","70","61","36","57","90","66","24","27","63","55","98","72","99","79","197","107","90","57","37","34","148","75","135","92","1400000US06001444302","Census Tract 4443.02, Alameda County, California"
"1379","112","12","19","23","17","26","22","42","37","47","39","29","33","22","23","109","85","22","29","195","88","189","96","258","110","170","83","86","68","117","85","32","36","1400000US06001444400","Census Tract 4444, Alameda County, California"
"1892","127","38","42","33","31","72","51","78","60","42","38","48","48","54","50","43","42","82","50","230","108","248","108","298","105","329","129","80","51","160","80","57","42","1400000US06001444500","Census Tract 4445, Alameda County, California"
"1408","122","38","34","54","52","18","29","0","95","85","82","18","26","50","49","58","69","37","45","127","77","181","113","167","83","202","99","215","101","126","80","32","35","1400000US06001444601","Census Tract 4446.01, Alameda County, California"
"1518","104","36","41","0","95","14","21","16","24","13","20","30","33","13","19","47","43","13","22","118","84","113","80","179","78","414","134","291","118","115","68","106","72","1400000US06001444602","Census Tract 4446.02, Alameda County, California"
"1603","97","25","32","11","18","12","17","11","16","63","62","35","42","34","32","26","36","0","95","55","37","189","125","172","82","394","138","198","95","223","78","155","85","1400000US06001450101","Census Tract 4501.01, Alameda County, California"
"1254","70","0","95","25","26","3","8","37","50","11","16","13","22","9","14","65","80","10","17","26","27","70","55","138","76","161","72","160","76","298","87","228","89","1400000US06001450102","Census Tract 4501.02, Alameda County, California"
"2038","126","158","96","50","47","10","16","46","59","75","70","41","53","50","57","7","12","44","35","129","83","267","115","460","131","240","97","216","128","155","75","90","54","1400000US06001450200","Census Tract 4502, Alameda County, California"
"1520","93","0","95","0","95","63","52","16","18","0","95","9","14","20","23","53","32","67","53","130","55","131","57","266","100","217","83","266","94","224","79","58","39","1400000US06001450300","Census Tract 4503, Alameda County, California"
"1881","109","41","48","8","13","39","31","22","26","24","29","70","53","88","95","60","42","11","18","137","74","245","105","193","86","384","109","220","91","241","83","98","61","1400000US06001450400","Census Tract 4504, Alameda County, California"
"1171","77","0","95","0","95","0","95","16","21","14","26","70","76","71","83","24","31","42","53","58","52","59","43","123","79","319","122","117","76","130","78","128","63","1400000US06001450501","Census Tract 4505.01, Alameda County, California"
"1471","60","0","95","0","95","0","95","17","26","17","26","16","26","36","41","0","95","34","40","51","46","82","57","87","64","64","50","342","142","265","124","460","136","1400000US06001450502","Census Tract 4505.02, Alameda County, California"
"1209","67","4","6","7","11","23","24","32","28","15","20","28","25","56","54","51","48","27","41","53","27","89","38","101","69","88","46","62","32","170","89","403","92","1400000US06001450601","Census Tract 4506.01, Alameda County, California"
"3210","125","119","75","86","51","40","34","83","47","74","57","36","38","34","32","31","35","25","28","74","45","232","108","335","126","282","115","483","131","514","154","762","139","1400000US06001450602","Census Tract 4506.02, Alameda County, California"
"1417","72","37","35","18","20","14","18","0","95","26","32","15","17","7","11","6","9","52","57","47","36","80","48","138","71","234","80","245","84","259","77","239","84","1400000US06001450603","Census Tract 4506.03, Alameda County, California"
"1622","60","21","24","18","26","45","33","16","18","26","42","18","20","25","27","78","57","28","25","77","47","121","55","143","58","160","65","177","80","296","82","373","75","1400000US06001450604","Census Tract 4506.04, Alameda County, California"
"1312","53","21","33","0","95","25","24","0","95","8","14","15","18","46","49","0","95","24","26","59","35","132","67","225","82","235","75","196","75","142","63","184","68","1400000US06001450605","Census Tract 4506.05, Alameda County, California"
"1838","63","4","10","34","29","40","36","8","13","55","50","16","18","15","17","19","20","18","20","70","53","51","34","126","54","252","105","284","92","388","101","458","97","1400000US06001450606","Census Tract 4506.06, Alameda County, California"
"2027","119","41","34","37","32","143","82","93","57","121","85","112","76","90","61","46","39","58","47","82","46","153","85","351","110","179","106","106","71","116","69","299","118","1400000US06001450607","Census Tract 4506.07, Alameda County, California"
"2519","71","114","75","0","95","31","44","0","95","0","95","0","95","57","45","44","39","29","28","40","39","180","103","306","109","146","78","249","103","299","109","1024","159","1400000US06001450701","Census Tract 4507.01, Alameda County, California"
"1675","69","69","42","40","28","31","28","85","46","81","63","70","57","19","21","36","45","33","30","135","74","119","66","129","67","65","43","175","75","204","71","384","99","1400000US06001450741","Census Tract 4507.41, Alameda County, California"
"1746","71","57","34","42","43","29","26","27","26","40","40","76","41","52","34","39","45","9","14","166","66","91","41","218","68","249","70","175","64","230","69","246","76","1400000US06001450742","Census Tract 4507.42, Alameda County, California"
"2087","105","55","48","31","40","13","20","8","16","19","30","27","31","84","87","67","68","33","39","155","107","349","133","346","139","322","114","168","103","286","114","124","63","1400000US06001450743","Census Tract 4507.43, Alameda County, California"
"1464","85","42","41","14","25","0","95","20","31","19","29","17","28","24","37","42","52","52","50","36","43","91","83","189","88","278","130","52","43","226","93","362","135","1400000US06001450744","Census Tract 4507.44, Alameda County, California"
"1734","84","44","45","0","95","16","25","17","28","49","69","0","95","13","20","49","44","72","72","38","31","138","114","185","79","246","105","188","83","293","105","386","106","1400000US06001450745","Census Tract 4507.45, Alameda County, California"
"1091","82","19","23","51","62","14","23","42","34","27","30","28","33","14","22","44","42","30","34","49","35","52","42","51","34","156","84","207","92","229","68","78","46","1400000US06001450746","Census Tract 4507.46, Alameda County, California"
"1457","103","50","50","98","72","83","75","39","41","65","56","12","19","0","95","14","26","106","79","85","86","119","81","209","87","161","85","111","90","143","67","162","84","1400000US06001450750","Census Tract 4507.50, Alameda County, California"
"576","68","0","95","0","95","0","95","0","95","0","95","0","95","0","95","0","95","0","95","0","95","10","16","19","22","95","53","50","38","150","70","252","83","1400000US06001450751","Census Tract 4507.51, Alameda County, California"
"1405","76","39","50","0","95","0","95","10","16","16","25","15","18","19","25","9","14","11","19","16","22","117","89","114","72","138","65","194","95","188","85","519","139","1400000US06001450752","Census Tract 4507.52, Alameda County, California"
"2218","87","8","11","18","28","17","26","111","80","64","50","59","47","21","26","12","14","31","33","57","51","128","67","366","125","250","101","168","72","440","133","468","117","1400000US06001451101","Census Tract 4511.01, Alameda County, California"
"1291","75","0","95","0","95","8","13","12","19","0","95","0","95","15","19","10","15","21","18","22","23","17","19","125","52","125","74","150","69","256","80","530","86","1400000US06001451102","Census Tract 4511.02, Alameda County, California"
"2493","122","67","48","123","107","121","94","72","54","52","41","0","95","0","95","60","53","26","32","141","77","212","111","436","142","307","126","307","119","286","121","283","110","1400000US06001451201","Census Tract 4512.01, Alameda County, California"
"1261","58","30","23","30","34","0","95","65","62","12","18","14","22","15","21","32","48","16","25","100","73","114","58","271","90","147","89","182","83","138","85","95","66","1400000US06001451202","Census Tract 4512.02, Alameda County, California"
"2344","90","17","27","33","27","63","51","31","34","79","50","15","24","94","92","80","73","72","75","63","63","208","117","338","125","375","148","134","71","468","158","274","119","1400000US06001451300","Census Tract 4513, Alameda County, California"
"2193","103","50","45","155","105","85","83","101","87","106","67","15","24","29","31","28","34","50","46","126","98","216","121","246","111","284","110","196","92","213","113","293","132","1400000US06001451401","Census Tract 4514.01, Alameda County, California"
"678","81","13","21","11","19","0","95","0","95","11","19","0","95","25","43","14","21","43","41","109","65","13","25","166","65","89","55","84","72","46","41","54","44","1400000US06001451403","Census Tract 4514.03, Alameda County, California"
"2119","68","62","66","89","77","46","61","99","78","124","76","138","87","39","37","62","49","13","22","206","125","281","122","474","160","200","106","118","72","117","68","51","44","1400000US06001451404","Census Tract 4514.04, Alameda County, California"
"1732","58","38","31","161","72","62","54","65","54","31","31","22","24","103","83","64","52","47","44","87","53","127","75","132","61","124","62","169","79","239","74","261","87","1400000US06001451501","Census Tract 4515.01, Alameda County, California"
"2003","108","122","87","131","69","63","62","24","26","21","25","58","53","51","44","78","57","39","35","90","72","167","82","363","109","173","95","269","131","199","106","155","95","1400000US06001451503","Census Tract 4515.03, Alameda County, California"
"590","32","15","23","15","30","34","37","0","95","8","17","19","26","68","67","48","43","13","18","20","31","16","25","33","40","76","62","29","46","144","64","52","48","1400000US06001451504","Census Tract 4515.04, Alameda County, California"
"1140","27","19","30","0","95","46","71","66","81","0","95","52","83","32","37","16","26","22","28","41","40","67","54","172","77","127","70","125","71","182","83","173","76","1400000US06001451505","Census Tract 4515.05, Alameda County, California"
"992","88","0","95","16","26","0","95","118","89","17","24","13","21","0","95","16","25","51","66","113","75","68","58","236","112","132","99","36","38","142","60","34","32","1400000US06001451506","Census Tract 4515.06, Alameda County, California"
"1705","68","9","14","33","31","35","28","85","64","8","15","41","34","19","20","40","31","12","17","105","72","131","68","215","85","174","86","203","81","303","102","292","88","1400000US06001451601","Census Tract 4516.01, Alameda County, California"
"2572","163","55","43","76","76","100","88","56","73","77","68","126","100","99","77","58","52","104","69","225","114","219","88","395","162","251","118","317","153","273","94","141","73","1400000US06001451602","Census Tract 4516.02, Alameda County, California"
"1010","56","29","24","0","95","46","58","15","17","41","40","22","26","43","35","0","95","14","19","46","42","82","50","272","110","168","75","77","51","76","47","79","71","1400000US06001451701","Census Tract 4517.01, Alameda County, California"
"1259","72","0","95","0","95","32","40","0","95","16","26","15","24","53","38","18","28","17","26","35","39","69","50","238","119","138","63","197","109","289","108","142","64","1400000US06001451703","Census Tract 4517.03, Alameda County, California"
"1543","105","19","28","0","95","42","43","53","39","65","54","21","25","44","49","44","59","9","15","56","46","81","63","210","73","296","132","183","96","222","103","198","98","1400000US06001451704","Census Tract 4517.04, Alameda County, California"
"37","20","0","95","0","95","0","95","0","95","9","14","10","16","0","95","0","95","0","95","18","29","0","95","0","95","0","95","0","95","0","95","0","95","1400000US06001981900","Census Tract 9819, Alameda County, California"
"25","18","9","14","0","95","0","95","0","95","0","95","0","95","0","95","0","95","0","95","0","95","3","6","0","95","3","6","10","14","0","95","0","95","1400000US06001982000","Census Tract 9820, Alameda County, California"
"271","110","0","95","47","76","0","95","0","95","0","95","0","95","0","95","0","95","0","95","0","95","0","95","5","7","41","25","24","22","40","22","114","82","1400000US06001983200","Census Tract 9832, Alameda County, California"
"0","95","0","95","0","95","0","95","0","95","0","95","0","95","0","95","0","95","0","95","0","95","0","95","0","95","0","95","0","95","0","95","0","95","1400000US06001990000","Census Tract 9900, Alameda County, California"
